{"max": [46.6821, 11.8448, 48.6291], "centroid": [26.43272464445294, 2.9454381211681677, 21.099291520513077], "id": "afc2efb530e899634d4cb1c2a5e48b7a", "numVertices": 18318, "min": [-7.45058e-09, 0.0, 0.0]}
